post_id,page,anchor,broken_url,http_status
5063,https://erofwhiterock.com/es/dolor-de-estomago-emergencias-digestivas-cerca-de-white-rock-lake/,página de contacto,https://erofwhiterock.com/es/contactanos/,404
5058,https://erofwhiterock.com/es/emergencias-huesos-articulaciones-trauma-cerca-de-white-rock-lake/,página de contacto,https://erofwhiterock.com/es/contactanos/,404
5067,https://erofwhiterock.com/es/guia-padres-emergencias-pediatricas-cerca-de-white-rock/,sala de emergencias independiente,https://erofwhiterock.com/es/sala-de-emergencias-independiente-vs-hospitalaria-cerca-de-white-rock-lake/,404
5063,https://erofwhiterock.com/es/dolor-de-estomago-emergencias-digestivas-cerca-de-white-rock-lake/,guía sobre sala independiente vs hospitalaria,https://erofwhiterock.com/es/sala-de-emergencias-independiente-vs-hospitalaria-cerca-de-white-rock-lake/,404
5063,https://erofwhiterock.com/es/dolor-de-estomago-emergencias-digestivas-cerca-de-white-rock-lake/,guía sobre sala independiente vs hospitalaria,https://erofwhiterock.com/es/sala-de-emergencias-independiente-vs-hospitalaria-cerca-de-white-rock-lake/,404
5058,https://erofwhiterock.com/es/emergencias-huesos-articulaciones-trauma-cerca-de-white-rock-lake/,guía sobre sala independiente vs hospitalaria,https://erofwhiterock.com/es/sala-de-emergencias-independiente-vs-hospitalaria-cerca-de-white-rock-lake/,404
5058,https://erofwhiterock.com/es/emergencias-huesos-articulaciones-trauma-cerca-de-white-rock-lake/,guía sobre sala independiente vs hospitalaria,https://erofwhiterock.com/es/sala-de-emergencias-independiente-vs-hospitalaria-cerca-de-white-rock-lake/,404
5067,https://erofwhiterock.com/es/guia-padres-emergencias-pediatricas-cerca-de-white-rock/,página de cuidado pediátrico,https://erofwhiterock.com/es/sala-de-emergencias-pediatrica-white-rock-guia-padres/,404
5063,https://erofwhiterock.com/es/dolor-de-estomago-emergencias-digestivas-cerca-de-white-rock-lake/,guía para padres sobre cuidado de emergencia pediátrico cerca de White Rock,https://erofwhiterock.com/es/sala-de-emergencias-pediatrica-white-rock-guia-padres/,404
5058,https://erofwhiterock.com/es/emergencias-huesos-articulaciones-trauma-cerca-de-white-rock-lake/,guía para padres sobre cuidado de emergencia pediátrico cerca de White Rock,https://erofwhiterock.com/es/sala-de-emergencias-pediatrica-white-rock-guia-padres/,404
4986,https://erofwhiterock.com/freestanding-er-vs-hospital-er-near-white-rock-lake/,abdominal pain treatment page,https://erofwhiterock.com/services/abdominal-pain-er-treatment/,404
