id,type,lang,title,url,verdict,coverage_state,last_crawl_time,page_fetch_state,user_canonical,google_canonical,source
5525,post,en,What to Tell the ER Team: A Medication and Symptom Note,https://erofwhiterock.com/what-to-tell-er-team/,NEUTRAL,URL is unknown to Google,,PAGE_FETCH_STATE_UNSPECIFIED,,,broad.json
5510,page,en,Cookie Policy,https://erofwhiterock.com/cookie-policy/,PASS,Submitted and indexed,2026-09-06T03:52:19Z,SUCCESSFUL,https://erofwhiterock.com/cookie-policy/,https://erofwhiterock.com/cookie-policy/,indexing-all.json
5511,page,es,Política de Cookies,https://erofwhiterock.com/es/politica-de-cookies/,PASS,Submitted and indexed,2026-08-28T15:56:47Z,SUCCESSFUL,https://erofwhiterock.com/es/politica-de-cookies/,https://erofwhiterock.com/es/politica-de-cookies/,indexing-all.json
5496,page,en,"Sala de Emergencias Cerca de Richardson, TX",https://erofwhiterock.com/sala-de-emergencias-cerca-de-richardson/,PASS,Submitted and indexed,2026-08-22T09:05:47Z,SUCCESSFUL,https://erofwhiterock.com/sala-de-emergencias-cerca-de-richardson/,https://erofwhiterock.com/sala-de-emergencias-cerca-de-richardson/,verification.json
5495,page,en,"Emergency Room Near Richardson, TX",https://erofwhiterock.com/emergency-room-richardson-tx/,PASS,Submitted and indexed,2026-09-06T03:52:19Z,SUCCESSFUL,https://erofwhiterock.com/emergency-room-richardson-tx/,https://erofwhiterock.com/emergency-room-richardson-tx/,verification.json
5470,page,es,"Sala de Emergencias Cerca de Forest Hills, Dallas, TX",https://erofwhiterock.com/es/sala-de-emergencias-cerca-de-forest-hills/,PASS,Submitted and indexed,2026-08-18T15:15:15Z,SUCCESSFUL,https://erofwhiterock.com/es/sala-de-emergencias-cerca-de-forest-hills/,https://erofwhiterock.com/es/sala-de-emergencias-cerca-de-forest-hills/,indexing-all.json
5471,page,es,"Sala de Emergencias Cerca de Mesquite, TX",https://erofwhiterock.com/es/sala-de-emergencias-cerca-de-mesquite/,PASS,Submitted and indexed,2026-08-18T06:43:15Z,SUCCESSFUL,https://erofwhiterock.com/es/sala-de-emergencias-cerca-de-mesquite/,https://erofwhiterock.com/es/sala-de-emergencias-cerca-de-mesquite/,indexing-all.json
5469,page,es,"Sala de Emergencias Cerca de Casa View, Dallas, TX",https://erofwhiterock.com/es/sala-de-emergencias-cerca-de-casa-view/,PASS,Submitted and indexed,2026-08-18T15:15:13Z,SUCCESSFUL,https://erofwhiterock.com/es/sala-de-emergencias-cerca-de-casa-view/,https://erofwhiterock.com/es/sala-de-emergencias-cerca-de-casa-view/,indexing-all.json
5468,page,es,"Sala de Emergencias Cerca de Casa Linda, Dallas, TX",https://erofwhiterock.com/es/sala-de-emergencias-cerca-de-casa-linda/,PASS,Submitted and indexed,2026-08-18T23:56:24Z,SUCCESSFUL,https://erofwhiterock.com/es/sala-de-emergencias-cerca-de-casa-linda/,https://erofwhiterock.com/es/sala-de-emergencias-cerca-de-casa-linda/,indexing-all.json
5466,page,en,"Emergency Room Near Mesquite, TX",https://erofwhiterock.com/emergency-room-mesquite-tx/,PASS,Submitted and indexed,2026-09-06T03:52:18Z,SUCCESSFUL,https://erofwhiterock.com/emergency-room-mesquite-tx/,https://erofwhiterock.com/emergency-room-mesquite-tx/,indexing-all.json
5463,page,en,"Emergency Room Near Forest Hills, Dallas, TX",https://erofwhiterock.com/emergency-room-forest-hills-tx/,PASS,Submitted and indexed,2026-09-06T03:52:18Z,SUCCESSFUL,https://erofwhiterock.com/emergency-room-forest-hills-tx/,https://erofwhiterock.com/emergency-room-forest-hills-tx/,indexing-all.json
5462,page,en,"Emergency Room Near Casa View, Dallas, TX",https://erofwhiterock.com/emergency-room-casa-view-tx/,PASS,Submitted and indexed,2026-09-06T03:52:18Z,SUCCESSFUL,https://erofwhiterock.com/emergency-room-casa-view-tx/,https://erofwhiterock.com/emergency-room-casa-view-tx/,indexing-all.json
5460,page,en,"Emergency Room Near Casa Linda, Dallas, TX",https://erofwhiterock.com/emergency-room-casa-linda-tx/,PASS,Submitted and indexed,2026-09-06T03:52:18Z,SUCCESSFUL,https://erofwhiterock.com/emergency-room-casa-linda-tx/,https://erofwhiterock.com/emergency-room-casa-linda-tx/,indexing-all.json
5437,post,en,How Long Does an ER Visit Take? A Step by Step Look at the Timeline,https://erofwhiterock.com/how-long-does-an-er-visit-take/,PASS,Submitted and indexed,2026-09-05T22:17:14Z,SUCCESSFUL,https://erofwhiterock.com/how-long-does-an-er-visit-take/,https://erofwhiterock.com/how-long-does-an-er-visit-take/,indexing-all.json
5438,post,es,¿Cuánto Dura una Visita a la Sala de Emergencias? El Recorrido Paso a Paso,https://erofwhiterock.com/es/cuanto-dura-una-visita-a-emergencias/,PASS,Submitted and indexed,2026-07-22T22:03:21Z,SUCCESSFUL,https://erofwhiterock.com/es/cuanto-dura-una-visita-a-emergencias/,https://erofwhiterock.com/es/cuanto-dura-una-visita-a-emergencias/,indexing-all.json
5424,post,es,¿Se Golpeó la Cabeza? Cuándo Ir a la Sala de Emergencias y Cuándo Observar en Casa,https://erofwhiterock.com/es/cuando-ir-a-emergencias-golpe-en-la-cabeza/,PASS,Submitted and indexed,2026-09-05T08:06:46Z,SUCCESSFUL,https://erofwhiterock.com/es/cuando-ir-a-emergencias-golpe-en-la-cabeza/,https://erofwhiterock.com/es/cuando-ir-a-emergencias-golpe-en-la-cabeza/,indexing-all.json
5419,post,en,Hit Your Head? When to Go to the ER and When to Watch at Home,https://erofwhiterock.com/when-to-go-to-er-after-hitting-head/,PASS,Submitted and indexed,2026-09-05T13:58:56Z,SUCCESSFUL,https://erofwhiterock.com/when-to-go-to-er-after-hitting-head/,https://erofwhiterock.com/when-to-go-to-er-after-hitting-head/,indexing-all.json
5407,page,en,Letter of Protection,https://erofwhiterock.com/letter-of-protection/,PASS,Submitted and indexed,2026-08-22T21:18:09Z,SUCCESSFUL,https://erofwhiterock.com/letter-of-protection/,https://erofwhiterock.com/letter-of-protection/,indexing-all.json
5394,page,es,"Tratamiento de Lesión Cerebral Traumática (LCT) en White Rock, TX",https://erofwhiterock.com/es/lesion-cerebral-traumatica-white-rock/,NEUTRAL,Crawled - currently not indexed,2026-07-23T11:41:02Z,SUCCESSFUL,https://erofwhiterock.com/es/lesion-cerebral-traumatica-white-rock/,https://erofwhiterock.com/es/lesion-cerebral-traumatica-white-rock/,indexing-all.json
5391,page,en,Editorial and Medical Review Policy,https://erofwhiterock.com/editorial-policy/,PASS,Submitted and indexed,2026-09-06T03:52:19Z,SUCCESSFUL,https://erofwhiterock.com/editorial-policy/,https://erofwhiterock.com/editorial-policy/,indexing-all.json
5390,page,en,"Traumatic Brain Injury (TBI) Treatment in White Rock, TX",https://erofwhiterock.com/services/tbi-treatment/,NEUTRAL,Discovered - currently not indexed,,PAGE_FETCH_STATE_UNSPECIFIED,,,indexing-all.json
5378,page,es,"Tratamiento de Conmoción Cerebral en White Rock, TX",https://erofwhiterock.com/es/tratamiento-conmocion-cerebral-white-rock/,PASS,Submitted and indexed,2026-07-26T23:59:24Z,SUCCESSFUL,https://erofwhiterock.com/es/tratamiento-conmocion-cerebral-white-rock/,https://erofwhiterock.com/es/tratamiento-conmocion-cerebral-white-rock/,indexing-all.json
5375,page,en,"Concussion Treatment in White Rock, TX",https://erofwhiterock.com/services/concussion-treatment/,PASS,Submitted and indexed,2026-09-03T16:04:04Z,SUCCESSFUL,https://erofwhiterock.com/services/concussion-treatment/,https://erofwhiterock.com/services/concussion-treatment/,indexing-all.json
5370,page,es,"Tratamiento de Emergencia para el Dolor Abdominal en White Rock, TX",https://erofwhiterock.com/es/tratamiento-dolor-abdominal-white-rock/,PASS,Submitted and indexed,2026-08-18T04:41:01Z,SUCCESSFUL,https://erofwhiterock.com/es/tratamiento-dolor-abdominal-white-rock/,https://erofwhiterock.com/es/tratamiento-dolor-abdominal-white-rock/,indexing-all.json
5366,page,es,"Tratamiento de Emergencia para Lesiones en la Cabeza en White Rock, TX",https://erofwhiterock.com/es/tratamiento-lesiones-cabeza-white-rock/,PASS,Submitted and indexed,2026-08-28T10:19:14Z,SUCCESSFUL,https://erofwhiterock.com/es/tratamiento-lesiones-cabeza-white-rock/,https://erofwhiterock.com/es/tratamiento-lesiones-cabeza-white-rock/,index-retry.json
5360,page,en,"Emergency Head Injury Treatment in White Rock, TX",https://erofwhiterock.com/services/emergency-head-injury/,PASS,Submitted and indexed,2026-08-01T17:33:51Z,SUCCESSFUL,https://erofwhiterock.com/services/emergency-head-injury/,https://erofwhiterock.com/services/emergency-head-injury/,indexing-all.json
5342,page,en,"Emergency Abdominal Pain Treatment in White Rock, TX",https://erofwhiterock.com/services/abdominal-pain-treatment-in-white-rock/,NEUTRAL,Discovered - currently not indexed,,PAGE_FETCH_STATE_UNSPECIFIED,,,indexing-all.json
5136,post,es,"Emergencias por Enfermedades Infecciosas y Transmitidas por Vectores cerca de White Rock: Cuándo Picaduras, Insectos e Infecciones Graves Requieren la Sala de Emergencias",https://erofwhiterock.com/es/emergencias-infecciosas-vector-cerca-de-white-rock-lake/,PASS,Submitted and indexed,2026-07-27T00:53:56Z,SUCCESSFUL,https://erofwhiterock.com/es/emergencias-infecciosas-vector-cerca-de-white-rock-lake/,https://erofwhiterock.com/es/emergencias-infecciosas-vector-cerca-de-white-rock-lake/,indexing-all.json
5134,post,en,"Infectious Disease and Vector-Borne Emergencies Near White Rock: When Bites, Bugs, and Severe Infections Need the ER",https://erofwhiterock.com/infectious-disease-vector-borne-emergencies-near-white-rock-lake/,PASS,Submitted and indexed,2026-09-05T08:12:56Z,SUCCESSFUL,https://erofwhiterock.com/infectious-disease-vector-borne-emergencies-near-white-rock-lake/,https://erofwhiterock.com/infectious-disease-vector-borne-emergencies-near-white-rock-lake/,indexing-all.json
5124,post,es,"Picaduras de Garrapata, Virus del Nilo Occidental y Otras Emergencias Transmitidas por Vectores cerca de White Rock Lake: Cuándo Llegar a la ER",https://erofwhiterock.com/es/picaduras-garrapata-virus-nilo-occidental-white-rock-lake/,PASS,Submitted and indexed,2026-08-24T05:54:40Z,SUCCESSFUL,https://erofwhiterock.com/es/picaduras-garrapata-virus-nilo-occidental-white-rock-lake/,https://erofwhiterock.com/es/picaduras-garrapata-virus-nilo-occidental-white-rock-lake/,indexing-all.json
5123,post,es,Ahogamiento y Casi Ahogamiento cerca de White Rock Lake: Lo Que los Padres No Ven y Cuándo Llegar a la ER,https://erofwhiterock.com/es/ahogamiento-casi-ahogamiento-white-rock-lake/,PASS,Submitted and indexed,2026-08-08T01:46:06Z,SUCCESSFUL,https://erofwhiterock.com/es/ahogamiento-casi-ahogamiento-white-rock-lake/,https://erofwhiterock.com/es/ahogamiento-casi-ahogamiento-white-rock-lake/,indexing-all.json
5122,post,es,Copa Mundial 2026 en Dallas: Por Qué las Visitas a la ER se Disparan Durante los Grandes Torneos y Cómo Mirar con Seguridad,https://erofwhiterock.com/es/copa-mundial-2026-dallas-er-cardiaco/,PASS,Submitted and indexed,2026-07-11T23:03:09Z,SUCCESSFUL,https://erofwhiterock.com/es/copa-mundial-2026-dallas-er-cardiaco/,https://erofwhiterock.com/es/copa-mundial-2026-dallas-er-cardiaco/,indexing-all.json
5121,post,es,Golpe de Calor vs Agotamiento por Calor: Guía de Triaje ER en Texas para el Verano cerca de White Rock Lake,https://erofwhiterock.com/es/golpe-de-calor-vs-agotamiento-por-calor-texas/,PASS,Submitted and indexed,2026-07-04T05:15:16Z,SUCCESSFUL,https://erofwhiterock.com/es/golpe-de-calor-vs-agotamiento-por-calor-texas/,https://erofwhiterock.com/es/golpe-de-calor-vs-agotamiento-por-calor-texas/,indexing-all.json
5091,post,en,Heat Stroke vs Heat Exhaustion: A Texas ER Triage Guide for Summer Near White Rock Lake,https://erofwhiterock.com/heat-stroke-vs-heat-exhaustion-texas-er/,PASS,Submitted and indexed,2026-09-09T06:09:25Z,SUCCESSFUL,https://erofwhiterock.com/heat-stroke-vs-heat-exhaustion-texas-er/,https://erofwhiterock.com/heat-stroke-vs-heat-exhaustion-texas-er/,indexing-all.json
5093,post,en,Drowning and Near-Drowning Near White Rock Lake: What Parents Miss and When to Reach the ER,https://erofwhiterock.com/drowning-near-drowning-white-rock-lake/,PASS,Submitted and indexed,2026-08-21T18:30:42Z,SUCCESSFUL,https://erofwhiterock.com/drowning-near-drowning-white-rock-lake/,https://erofwhiterock.com/drowning-near-drowning-white-rock-lake/,indexing-all.json
5092,post,en,World Cup 2026 in Dallas: Why ER Visits Spike During Major Tournaments and How to Watch Safely,https://erofwhiterock.com/world-cup-2026-dallas-er-cardiac-risk/,PASS,Submitted and indexed,2026-08-25T04:36:12Z,SUCCESSFUL,https://erofwhiterock.com/world-cup-2026-dallas-er-cardiac-risk/,https://erofwhiterock.com/world-cup-2026-dallas-er-cardiac-risk/,indexing-all.json
5094,post,en,"Tick Bites, West Nile, and Other Vector-Borne Emergencies Near White Rock Lake: When to Reach the ER",https://erofwhiterock.com/tick-bites-west-nile-er-white-rock-lake/,PASS,Submitted and indexed,2026-08-15T12:53:15Z,SUCCESSFUL,https://erofwhiterock.com/tick-bites-west-nile-er-white-rock-lake/,https://erofwhiterock.com/tick-bites-west-nile-er-white-rock-lake/,indexing-all.json
5069,post,es,Intoxicación Alimentaria vs Gastroenteritis Viral: Cómo Distinguirlas y Cuándo Buscar Atención de Emergencia,https://erofwhiterock.com/es/intoxicacion-alimentaria-vs-gastroenteritis-cerca-de-white-rock/,PASS,Submitted and indexed,2026-07-26T02:07:15Z,SUCCESSFUL,https://erofwhiterock.com/es/intoxicacion-alimentaria-vs-gastroenteritis-cerca-de-white-rock/,https://erofwhiterock.com/es/intoxicacion-alimentaria-vs-gastroenteritis-cerca-de-white-rock/,indexing-all.json
5067,post,es,Guía Completa para Padres sobre Emergencias Pediátricas cerca de White Rock: Cuándo Llevar a Su Hijo a la Sala de Emergencias,https://erofwhiterock.com/es/guia-padres-emergencias-pediatricas-cerca-de-white-rock/,PASS,Submitted and indexed,2026-08-08T12:25:52Z,SUCCESSFUL,https://erofwhiterock.com/es/guia-padres-emergencias-pediatricas-cerca-de-white-rock/,https://erofwhiterock.com/es/guia-padres-emergencias-pediatricas-cerca-de-white-rock/,indexing-all.json
5063,post,es,"Dolor de Estómago y Emergencias Digestivas cerca de White Rock: Apendicitis, Intoxicación Alimentaria y Dolor Abdominal Severo",https://erofwhiterock.com/es/dolor-de-estomago-emergencias-digestivas-cerca-de-white-rock-lake/,PASS,Submitted and indexed,2026-09-03T17:24:46Z,SUCCESSFUL,https://erofwhiterock.com/es/dolor-de-estomago-emergencias-digestivas-cerca-de-white-rock-lake/,https://erofwhiterock.com/es/dolor-de-estomago-emergencias-digestivas-cerca-de-white-rock-lake/,indexing-all.json
5061,post,en,"Stomach Pain and Digestive Emergencies Near White Rock: Appendicitis, Food Poisoning, and Severe Abdominal Pain Care",https://erofwhiterock.com/stomach-pain-digestive-emergencies-near-white-rock-lake/,PASS,Submitted and indexed,2026-07-26T02:22:45Z,SUCCESSFUL,https://erofwhiterock.com/stomach-pain-digestive-emergencies-near-white-rock-lake/,https://erofwhiterock.com/stomach-pain-digestive-emergencies-near-white-rock-lake/,indexing-all.json
5058,post,es,"Emergencias de Huesos, Articulaciones y Trauma cerca de White Rock: Fracturas, Lesiones de Cabeza y Cuidado de Lesiones Oculares",https://erofwhiterock.com/es/emergencias-huesos-articulaciones-trauma-cerca-de-white-rock-lake/,PASS,Submitted and indexed,2026-07-08T08:17:28Z,SUCCESSFUL,https://erofwhiterock.com/es/emergencias-huesos-articulaciones-trauma-cerca-de-white-rock-lake/,https://erofwhiterock.com/es/emergencias-huesos-articulaciones-trauma-cerca-de-white-rock-lake/,indexing-all.json
5054,post,en,"Bone, Joint, and Trauma Emergencies Near White Rock: Fractures, Head Injuries, and Eye Injury Care",https://erofwhiterock.com/bone-joint-trauma-emergencies-near-white-rock-lake/,PASS,Submitted and indexed,2026-07-08T09:06:39Z,SUCCESSFUL,https://erofwhiterock.com/bone-joint-trauma-emergencies-near-white-rock-lake/,https://erofwhiterock.com/bone-joint-trauma-emergencies-near-white-rock-lake/,indexing-all.json
5055,post,en,Sprain or Fracture? How to Tell and When to Visit Our ER Near White Rock,https://erofwhiterock.com/sprain-or-fracture-when-to-visit-er-white-rock/,NEUTRAL,Crawled - currently not indexed,2026-06-29T10:53:59Z,SUCCESSFUL,https://erofwhiterock.com/sprain-or-fracture-when-to-visit-er-white-rock/,https://erofwhiterock.com/sprain-or-fracture-when-to-visit-er-white-rock/,indexing-all.json
5039,post,en,Time Is Brain: Recognizing Stroke Symptoms with the F.A.S.T. Method,https://erofwhiterock.com/time-is-brain-fast-stroke-recognition-dallas/,PASS,Submitted and indexed,2026-08-17T13:08:07Z,SUCCESSFUL,https://erofwhiterock.com/time-is-brain-fast-stroke-recognition-dallas/,https://erofwhiterock.com/time-is-brain-fast-stroke-recognition-dallas/,indexing-all.json
5040,post,en,The Silent Threat: How to Recognize the Warning Signs of a Blood Clot,https://erofwhiterock.com/blood-clot-warning-signs-dvt-pe-dallas/,PASS,Submitted and indexed,2026-06-26T21:37:56Z,SUCCESSFUL,https://erofwhiterock.com/blood-clot-warning-signs-dvt-pe-dallas/,https://erofwhiterock.com/blood-clot-warning-signs-dvt-pe-dallas/,indexing-all.json
5041,post,es,"Emergencias Cardiovasculares cerca de White Rock: Ataque al Corazón, Derrame Cerebral y Coágulos de Sangre",https://erofwhiterock.com/es/emergencias-cardiovasculares-cerca-de-white-rock-lake/,PASS,Submitted and indexed,2026-08-16T02:55:15Z,SUCCESSFUL,https://erofwhiterock.com/es/emergencias-cardiovasculares-cerca-de-white-rock-lake/,https://erofwhiterock.com/es/emergencias-cardiovasculares-cerca-de-white-rock-lake/,indexing-all.json
5032,post,en,"Cardiovascular Emergencies Near White Rock: Heart Attack, Stroke, and Blood Clot Recognition Guide",https://erofwhiterock.com/cardiovascular-emergencies-near-white-rock-lake/,PASS,Submitted and indexed,2026-06-25T04:16:28Z,SUCCESSFUL,https://erofwhiterock.com/cardiovascular-emergencies-near-white-rock-lake/,https://erofwhiterock.com/cardiovascular-emergencies-near-white-rock-lake/,indexing-all.json
5009,post,es,Sala de Emergencias Independiente vs Hospital cerca de White Rock Lake: Cómo Elegir la Sala Adecuada,https://erofwhiterock.com/es/sala-de-emergencias-independiente-vs-hospital-er-white-rock-lake/,PASS,Submitted and indexed,2026-07-23T23:12:54Z,SUCCESSFUL,https://erofwhiterock.com/es/sala-de-emergencias-independiente-vs-hospital-er-white-rock-lake/,https://erofwhiterock.com/es/sala-de-emergencias-independiente-vs-hospital-er-white-rock-lake/,indexing-all.json
5010,post,es,¿Esa Erupción es Peligrosa? Señales de Alerta para Acudir a Urgencias,https://erofwhiterock.com/es/cuando-una-erupcion-cutanea-es-una-emergencia/,PASS,Submitted and indexed,2026-09-06T14:50:50Z,SUCCESSFUL,https://erofwhiterock.com/es/cuando-una-erupcion-cutanea-es-una-emergencia/,https://erofwhiterock.com/es/cuando-una-erupcion-cutanea-es-una-emergencia/,indexing-all.json
5011,post,es,Pruebas de Laboratorio de Emergencia en Sitio: Por Qué los Diagnósticos Sin Espera Salvan Vidas,https://erofwhiterock.com/es/laboratorio-de-emergencia-diagnostico-sin-espera-white-rock/,PASS,Submitted and indexed,2026-07-05T07:29:40Z,SUCCESSFUL,https://erofwhiterock.com/es/laboratorio-de-emergencia-diagnostico-sin-espera-white-rock/,https://erofwhiterock.com/es/laboratorio-de-emergencia-diagnostico-sin-espera-white-rock/,indexing-all.json
5012,post,en,A Simple Cold or Something Worse? When a Sore Throat Needs the ER,https://erofwhiterock.com/sore-throat-emergency-room-strep-warning-signs/,PASS,Submitted and indexed,2026-09-03T18:23:26Z,SUCCESSFUL,https://erofwhiterock.com/sore-throat-emergency-room-strep-warning-signs/,https://erofwhiterock.com/sore-throat-emergency-room-strep-warning-signs/,indexing-all.json
4986,post,en,Freestanding ER vs Hospital ER Near White Rock Lake: How to Choose the Right Emergency Room,https://erofwhiterock.com/freestanding-er-vs-hospital-er-near-white-rock-lake/,PASS,Submitted and indexed,2026-06-27T23:06:22Z,SUCCESSFUL,https://erofwhiterock.com/freestanding-er-vs-hospital-er-near-white-rock-lake/,https://erofwhiterock.com/freestanding-er-vs-hospital-er-near-white-rock-lake/,indexing-all.json
4762,page,es,Declaración de Accesibilidad,https://erofwhiterock.com/es/declaracion-de-accesibilidad/,PASS,Submitted and indexed,2026-09-01T01:11:40Z,SUCCESSFUL,https://erofwhiterock.com/es/declaracion-de-accesibilidad/,https://erofwhiterock.com/es/declaracion-de-accesibilidad/,indexing-all.json
4761,page,es,Divulgaciones de Facturación y Derechos Financieros del Paciente,https://erofwhiterock.com/es/divulgaciones-de-facturacion-y-derechos-financieros-del-paciente/,PASS,Submitted and indexed,2026-07-26T15:55:55Z,SUCCESSFUL,https://erofwhiterock.com/es/divulgaciones-de-facturacion-y-derechos-financieros-del-paciente/,https://erofwhiterock.com/es/divulgaciones-de-facturacion-y-derechos-financieros-del-paciente/,indexing-all.json
4760,page,es,Aviso Legal Médico,https://erofwhiterock.com/es/aviso-legal-medico/,PASS,Submitted and indexed,2026-08-18T17:42:22Z,SUCCESSFUL,https://erofwhiterock.com/es/aviso-legal-medico/,https://erofwhiterock.com/es/aviso-legal-medico/,indexing-all.json
4759,page,es,Términos y Condiciones de Uso,https://erofwhiterock.com/es/terminos-y-condiciones-de-uso/,PASS,Submitted and indexed,2026-08-31T06:04:24Z,SUCCESSFUL,https://erofwhiterock.com/es/terminos-y-condiciones-de-uso/,https://erofwhiterock.com/es/terminos-y-condiciones-de-uso/,indexing-all.json
4758,page,es,Política de Privacidad,https://erofwhiterock.com/es/politica-de-privacidad/,PASS,Submitted and indexed,2026-09-04T17:34:04Z,SUCCESSFUL,https://erofwhiterock.com/es/politica-de-privacidad/,https://erofwhiterock.com/es/politica-de-privacidad/,indexing-all.json
4757,page,es,Aviso de Prácticas de Privacidad de HIPAA,https://erofwhiterock.com/es/aviso-de-practicas-de-privacidad-de-hipaa/,PASS,Submitted and indexed,2026-06-26T22:44:11Z,SUCCESSFUL,https://erofwhiterock.com/es/aviso-de-practicas-de-privacidad-de-hipaa/,https://erofwhiterock.com/es/aviso-de-practicas-de-privacidad-de-hipaa/,indexing-all.json
4755,page,es,"Sala de Emergencias Cerca de Garland, TX",https://erofwhiterock.com/es/sala-de-emergencias-cerca-de-garland/,PASS,Submitted and indexed,2026-08-20T16:17:05Z,SUCCESSFUL,https://erofwhiterock.com/es/sala-de-emergencias-cerca-de-garland/,https://erofwhiterock.com/es/sala-de-emergencias-cerca-de-garland/,indexing-all.json
4753,page,es,"Sala de Emergencias Local en Lake Highlands, TX",https://erofwhiterock.com/es/sala-de-emergencias-lake-highlands/,PASS,Submitted and indexed,2026-09-06T21:38:20Z,SUCCESSFUL,https://erofwhiterock.com/es/sala-de-emergencias-lake-highlands/,https://erofwhiterock.com/es/sala-de-emergencias-lake-highlands/,indexing-all.json
4751,page,es,"Servicios de Emergencia en Dallas, TX | Atención ER 24/7 | ER of White Rock",https://erofwhiterock.com/es/servicios-de-emergencia-er-of-white-rock/,PASS,Submitted and indexed,2026-07-11T14:24:42Z,SUCCESSFUL,https://erofwhiterock.com/es/servicios-de-emergencia-er-of-white-rock/,https://erofwhiterock.com/es/servicios-de-emergencia-er-of-white-rock/,indexing-all.json
4749,page,es,"Sala de Emergencias Cerca de Lakewood, TX",https://erofwhiterock.com/es/sala-de-emergencias-cerca-de-lakewood/,PASS,Submitted and indexed,2026-08-03T01:06:30Z,SUCCESSFUL,https://erofwhiterock.com/es/sala-de-emergencias-cerca-de-lakewood/,https://erofwhiterock.com/es/sala-de-emergencias-cerca-de-lakewood/,indexing-all.json
4747,page,es,"Pruebas de Laboratorio de Emergencia y Rápidas en White Rock, TX",https://erofwhiterock.com/es/pruebas-de-laboratorio-de-emergencia-y-rapidas-en-white-rock-tx/,PASS,Submitted and indexed,2026-09-06T17:25:24Z,SUCCESSFUL,https://erofwhiterock.com/es/pruebas-de-laboratorio-de-emergencia-y-rapidas-en-white-rock-tx/,https://erofwhiterock.com/es/pruebas-de-laboratorio-de-emergencia-y-rapidas-en-white-rock-tx/,indexing-all.json
4745,page,es,"Servicios de Imágenes Diagnósticas en Dallas, TX | MRI, CT Scan, Ultrasonido",https://erofwhiterock.com/es/servicios-de-imagenes-diagnosticas-en-dallas-tx-mri-ct-scan-ultrasonido/,PASS,Submitted and indexed,2026-08-22T02:38:21Z,SUCCESSFUL,https://erofwhiterock.com/es/servicios-de-imagenes-diagnosticas-en-dallas-tx-mri-ct-scan-ultrasonido/,https://erofwhiterock.com/es/servicios-de-imagenes-diagnosticas-en-dallas-tx-mri-ct-scan-ultrasonido/,indexing-all.json
228,page,en,Home Page – ER of White Rock,https://erofwhiterock.com/,PASS,Submitted and indexed,2026-09-09T08:37:13Z,SUCCESSFUL,https://erofwhiterock.com/,https://erofwhiterock.com/,broad.json
4741,page,es,"Tratamiento del Dolor de Pecho en Dallas, TX | ER of White Rock",https://erofwhiterock.com/es/tratamiento-del-dolor-de-pecho-en-dallas-tx-er-of-white-rock/,PASS,Submitted and indexed,2026-09-02T08:12:14Z,SUCCESSFUL,https://erofwhiterock.com/es/tratamiento-del-dolor-de-pecho-en-dallas-tx-er-of-white-rock/,https://erofwhiterock.com/es/tratamiento-del-dolor-de-pecho-en-dallas-tx-er-of-white-rock/,indexing-all.json
4739,page,es,"Atención Experta para Derrame Cerebral en White Rock, Texas | ER of White Rock",https://erofwhiterock.com/es/atencion-experta-para-derrame-cerebral-en-white-rock-texas-er-of-white-rock/,PASS,Submitted and indexed,2026-06-21T11:49:17Z,SUCCESSFUL,https://erofwhiterock.com/es/atencion-experta-para-derrame-cerebral-en-white-rock-texas-er-of-white-rock/,https://erofwhiterock.com/es/atencion-experta-para-derrame-cerebral-en-white-rock-texas-er-of-white-rock/,indexing-all.json
4737,page,es,"Atención Pediátrica Experta en Dallas, TX | ER of White Rock",https://erofwhiterock.com/es/atencion-pediatrica-experta-en-dallas-tx-er-of-white-rock/,PASS,Submitted and indexed,2026-07-29T07:01:13Z,SUCCESSFUL,https://erofwhiterock.com/es/atencion-pediatrica-experta-en-dallas-tx-er-of-white-rock/,https://erofwhiterock.com/es/atencion-pediatrica-experta-en-dallas-tx-er-of-white-rock/,indexing-all.json
4729,page,es,"Atención de Emergencia para Problemas Respiratorios en Dallas, TX | ER of White Rock",https://erofwhiterock.com/es/atencion-de-emergencia-para-problemas-respiratorios-en-dallas-tx-er-of-white/,PASS,Submitted and indexed,2026-09-06T01:18:29Z,SUCCESSFUL,https://erofwhiterock.com/es/atencion-de-emergencia-para-problemas-respiratorios-en-dallas-tx-er-of-white/,https://erofwhiterock.com/es/atencion-de-emergencia-para-problemas-respiratorios-en-dallas-tx-er-of-white/,indexing-all.json
4727,page,es,"Tratamiento de Emergencia para Fracturas en Dallas, TX | ER of White Rock",https://erofwhiterock.com/es/tratamiento-de-emergencia-para-fracturas-en-dallas-tx-er-of-white-rock/,PASS,Submitted and indexed,2026-07-26T06:58:06Z,SUCCESSFUL,https://erofwhiterock.com/es/tratamiento-de-emergencia-para-fracturas-en-dallas-tx-er-of-white-rock/,https://erofwhiterock.com/es/tratamiento-de-emergencia-para-fracturas-en-dallas-tx-er-of-white-rock/,indexing-all.json
4725,page,es,"Atención de Emergencia para Lesiones Oculares en Dallas, TX | ER of White Rock",https://erofwhiterock.com/es/atencion-de-emergencia-para-lesiones-oculares-en-dallas-tx-er-of-white-rock/,PASS,Submitted and indexed,2026-07-14T13:19:11Z,SUCCESSFUL,https://erofwhiterock.com/es/atencion-de-emergencia-para-lesiones-oculares-en-dallas-tx-er-of-white-rock/,https://erofwhiterock.com/es/atencion-de-emergencia-para-lesiones-oculares-en-dallas-tx-er-of-white-rock/,indexing-all.json
4723,page,es,"High Fever Care in Dallas, TX – Immediate & Expert Treatment",https://erofwhiterock.com/es/high-fever-care-in-dallas-tx-immediate-expert-treatment/,PASS,Submitted and indexed,2026-09-09T09:12:04Z,SUCCESSFUL,https://erofwhiterock.com/es/high-fever-care-in-dallas-tx-immediate-expert-treatment/,https://erofwhiterock.com/es/high-fever-care-in-dallas-tx-immediate-expert-treatment/,indexing-all.json
4721,page,es,"Tratamiento Experto de Coágulos Sanguíneos en Dallas, TX | ER of White Rock",https://erofwhiterock.com/es/tratamiento-experto-de-coagulos-sanguineos-en-dallas-tx-er-of-white-rock/,PASS,Submitted and indexed,2026-07-14T20:22:49Z,SUCCESSFUL,https://erofwhiterock.com/es/tratamiento-experto-de-coagulos-sanguineos-en-dallas-tx-er-of-white-rock/,https://erofwhiterock.com/es/tratamiento-experto-de-coagulos-sanguineos-en-dallas-tx-er-of-white-rock/,indexing-all.json
4719,page,es,"Tratamiento Experto de Erupciones Cutáneas en White Rock, TX | ER of White Rock",https://erofwhiterock.com/es/tratamiento-experto-de-erupciones-cutaneas-en-white-rock-tx-er-of-white-rock/,PASS,Submitted and indexed,2026-07-23T10:38:43Z,SUCCESSFUL,https://erofwhiterock.com/es/tratamiento-experto-de-erupciones-cutaneas-en-white-rock-tx-er-of-white-rock/,https://erofwhiterock.com/es/tratamiento-experto-de-erupciones-cutaneas-en-white-rock-tx-er-of-white-rock/,indexing-all.json
4717,page,es,"Tratamiento de Apendicitis en Dallas, TX | Atención de Emergencia en ER of White Rock",https://erofwhiterock.com/es/tratamiento-de-apendicitis-en-dallas-tx-atencion-de-emergencia-en-er-of-white/,PASS,Submitted and indexed,2026-08-22T11:50:09Z,SUCCESSFUL,https://erofwhiterock.com/es/tratamiento-de-apendicitis-en-dallas-tx-atencion-de-emergencia-en-er-of-white/,https://erofwhiterock.com/es/tratamiento-de-apendicitis-en-dallas-tx-atencion-de-emergencia-en-er-of-white/,indexing-all.json
4715,page,es,"Tratamiento de Deshidratación en Dallas, TX | ER of White Rock",https://erofwhiterock.com/es/tratamiento-de-deshidratacion-en-dallas-tx-er-of-white-rock/,PASS,Submitted and indexed,2026-07-23T10:57:50Z,SUCCESSFUL,https://erofwhiterock.com/es/tratamiento-de-deshidratacion-en-dallas-tx-er-of-white-rock/,https://erofwhiterock.com/es/tratamiento-de-deshidratacion-en-dallas-tx-er-of-white-rock/,indexing-all.json
4711,page,es,"Tratamiento del Dolor de Espalda en Dallas, TX | Soluciones Expertas de Alivio del Dolor",https://erofwhiterock.com/es/tratamiento-del-dolor-de-espalda-en-dallas-tx-soluciones-expertas-de-alivio-del/,PASS,Submitted and indexed,2026-08-22T14:34:18Z,SUCCESSFUL,https://erofwhiterock.com/es/tratamiento-del-dolor-de-espalda-en-dallas-tx-soluciones-expertas-de-alivio-del/,https://erofwhiterock.com/es/tratamiento-del-dolor-de-espalda-en-dallas-tx-soluciones-expertas-de-alivio-del/,indexing-all.json
4709,page,es,"Tratamiento Experto de Intoxicación Alimentaria en White Rock, TX | ER of White Rock",https://erofwhiterock.com/es/tratamiento-experto-de-intoxicacion-alimentaria-en-white-rock-tx-er-of-white/,PASS,Submitted and indexed,2026-08-16T22:17:49Z,SUCCESSFUL,https://erofwhiterock.com/es/tratamiento-experto-de-intoxicacion-alimentaria-en-white-rock-tx-er-of-white/,https://erofwhiterock.com/es/tratamiento-experto-de-intoxicacion-alimentaria-en-white-rock-tx-er-of-white/,indexing-all.json
4707,page,es,"Tratamiento Efectivo de Bronquitis en Dallas, TX | ER of White Rock",https://erofwhiterock.com/es/tratamiento-efectivo-de-bronquitis-en-dallas-tx-er-of-white-rock/,PASS,Submitted and indexed,2026-07-28T07:18:09Z,SUCCESSFUL,https://erofwhiterock.com/es/tratamiento-efectivo-de-bronquitis-en-dallas-tx-er-of-white-rock/,https://erofwhiterock.com/es/tratamiento-efectivo-de-bronquitis-en-dallas-tx-er-of-white-rock/,indexing-all.json
4705,page,es,"Tratamiento del Dolor de Garganta en Dallas, TX - ER of White Rock",https://erofwhiterock.com/es/tratamiento-del-dolor-de-garganta-en-dallas-tx-er-of-white-rock/,PASS,Submitted and indexed,2026-07-23T09:21:20Z,SUCCESSFUL,https://erofwhiterock.com/es/tratamiento-del-dolor-de-garganta-en-dallas-tx-er-of-white-rock/,https://erofwhiterock.com/es/tratamiento-del-dolor-de-garganta-en-dallas-tx-er-of-white-rock/,indexing-all.json
4703,page,es,"Comprehensive Gastrointestinal Disease Treatment in Dallas, TX – ER of White Rock",https://erofwhiterock.com/es/comprehensive-gastrointestinal-disease-treatment-in-dallas-tx-er-of-white-rock/,PASS,Submitted and indexed,2026-08-17T13:51:36Z,SUCCESSFUL,https://erofwhiterock.com/es/comprehensive-gastrointestinal-disease-treatment-in-dallas-tx-er-of-white-rock/,https://erofwhiterock.com/es/comprehensive-gastrointestinal-disease-treatment-in-dallas-tx-er-of-white-rock/,indexing-all.json
4699,page,es,Blog,https://erofwhiterock.com/es/articulos/,PASS,Submitted and indexed,2026-08-21T21:34:41Z,SUCCESSFUL,https://erofwhiterock.com/es/articulos/,https://erofwhiterock.com/es/articulos/,indexing-all.json
4697,page,es,Carreras,https://erofwhiterock.com/es/carreras/,PASS,Submitted and indexed,2026-08-31T06:02:40Z,SUCCESSFUL,https://erofwhiterock.com/es/carreras/,https://erofwhiterock.com/es/carreras/,indexing-all.json
4695,page,es,Información de Seguros y Facturación,https://erofwhiterock.com/es/informacion-de-seguros-y-facturacion/,PASS,Submitted and indexed,2026-08-19T15:11:25Z,SUCCESSFUL,https://erofwhiterock.com/es/informacion-de-seguros-y-facturacion/,https://erofwhiterock.com/es/informacion-de-seguros-y-facturacion/,indexing-all.json
4691,page,es,Contáctenos,https://erofwhiterock.com/es/contactenos/,PASS,Submitted and indexed,2026-08-18T10:09:45Z,SUCCESSFUL,https://erofwhiterock.com/es/contactenos/,https://erofwhiterock.com/es/contactenos/,indexing-all.json
4689,page,es,Acerca de Nosotros - ER of White Rock,https://erofwhiterock.com/es/acerca-de-nosotros-er-of-white-rock/,PASS,Submitted and indexed,2026-07-27T03:16:07Z,SUCCESSFUL,https://erofwhiterock.com/es/acerca-de-nosotros-er-of-white-rock/,https://erofwhiterock.com/es/acerca-de-nosotros-er-of-white-rock/,indexing-all.json
4687,page,es,Página Principal – ER of White Rock,https://erofwhiterock.com/es/home-page-er-of-white-rock/,PASS,Submitted and indexed,2026-08-19T21:16:38Z,SUCCESSFUL,https://erofwhiterock.com/es/home-page-er-of-white-rock/,https://erofwhiterock.com/es/home-page-er-of-white-rock/,verification.json
4657,page,en,Accessibility Statement,https://erofwhiterock.com/accessibility-statement/,PASS,Submitted and indexed,2026-09-07T16:42:13Z,SUCCESSFUL,https://erofwhiterock.com/accessibility-statement/,https://erofwhiterock.com/accessibility-statement/,indexing-all.json
4655,page,en,Billing Disclosures & Patient Financial Rights,https://erofwhiterock.com/billing-disclosures/,PASS,Submitted and indexed,2026-09-08T05:58:31Z,SUCCESSFUL,https://erofwhiterock.com/billing-disclosures/,https://erofwhiterock.com/billing-disclosures/,indexing-all.json
4652,page,en,Medical Disclaimer,https://erofwhiterock.com/medical-disclaimer/,PASS,Submitted and indexed,2026-09-02T04:09:24Z,SUCCESSFUL,https://erofwhiterock.com/medical-disclaimer/,https://erofwhiterock.com/medical-disclaimer/,indexing-all.json
4650,page,en,Terms and Conditions of Use,https://erofwhiterock.com/terms-and-conditions/,PASS,Submitted and indexed,2026-07-28T09:59:31Z,SUCCESSFUL,https://erofwhiterock.com/terms-and-conditions/,https://erofwhiterock.com/terms-and-conditions/,indexing-all.json
4647,page,en,Privacy Policy,https://erofwhiterock.com/privacy-policy/,PASS,Submitted and indexed,2026-09-08T02:46:51Z,SUCCESSFUL,https://erofwhiterock.com/privacy-policy/,https://erofwhiterock.com/privacy-policy/,indexing-all.json
4643,page,en,HIPAA Notice of Privacy Practices,https://erofwhiterock.com/notice-of-privacy-practices/,PASS,Submitted and indexed,2026-09-06T15:51:37Z,SUCCESSFUL,https://erofwhiterock.com/notice-of-privacy-practices/,https://erofwhiterock.com/notice-of-privacy-practices/,indexing-all.json
4638,post,es,¿Un simple resfriado o algo peor? ¿Cuándo un dolor de garganta requiere una visita a urgencias?,https://erofwhiterock.com/es/dolor-garganta-urgencias-faringitis-estreptococica-dallas/,PASS,Submitted and indexed,2026-07-16T15:39:18Z,SUCCESSFUL,https://erofwhiterock.com/es/dolor-garganta-urgencias-faringitis-estreptococica-dallas/,https://erofwhiterock.com/es/dolor-garganta-urgencias-faringitis-estreptococica-dallas/,indexing-all.json
4635,post,en,On-Site ER Lab Testing: How No-Wait Diagnostics Save Lives in Emergencies,https://erofwhiterock.com/emergency-lab-testing-white-rock-tx/,PASS,Submitted and indexed,2026-08-29T12:48:54Z,SUCCESSFUL,https://erofwhiterock.com/emergency-lab-testing-white-rock-tx/,https://erofwhiterock.com/emergency-lab-testing-white-rock-tx/,verification.json
4503,post,es,La amenaza silenciosa: cómo reconocer las señales de alerta de un coágulo de sangre,https://erofwhiterock.com/es/senales-alerta-coagulo-sangre-tvp/,PASS,Submitted and indexed,2026-05-20T10:18:22Z,SUCCESSFUL,https://erofwhiterock.com/es/senales-alerta-coagulo-sangre-tvp/,https://erofwhiterock.com/es/senales-alerta-coagulo-sangre-tvp/,indexing-all.json
4481,post,en,Is That Rash Dangerous? Warning Signs You Need an Emergency Room,https://erofwhiterock.com/emergency-room-rash-warning-signs/,PASS,Submitted and indexed,2026-06-25T10:28:15Z,SUCCESSFUL,https://erofwhiterock.com/emergency-room-rash-warning-signs/,https://erofwhiterock.com/emergency-room-rash-warning-signs/,indexing-all.json
4435,post,es,El tiempo es cerebro: cómo reconocer los síntomas de un derrame cerebral con el método F.A.S.T.,https://erofwhiterock.com/es/atencion-emergencia-accidentes-cerebrovasculares-dallas/,PASS,Submitted and indexed,2026-06-19T05:28:44Z,SUCCESSFUL,https://erofwhiterock.com/es/atencion-emergencia-accidentes-cerebrovasculares-dallas/,https://erofwhiterock.com/es/atencion-emergencia-accidentes-cerebrovasculares-dallas/,indexing-all.json
4430,post,es,¿Es un esguince o una fractura? ¿Cuándo acudir a nuestra sala de emergencias en White Rock?,https://erofwhiterock.com/es/esguince-o-fractura-urgencias-white-rock-texas/,PASS,Submitted and indexed,2026-06-23T03:06:53Z,SUCCESSFUL,https://erofwhiterock.com/es/esguince-o-fractura-urgencias-white-rock-texas/,https://erofwhiterock.com/es/esguince-o-fractura-urgencias-white-rock-texas/,indexing-all.json
4426,post,en,Food Poisoning vs Stomach Bug: How to Tell the Difference and When to Get Emergency Care,https://erofwhiterock.com/treatment-severe-food-poisoning-dallas/,PASS,Submitted and indexed,2026-06-21T05:03:50Z,SUCCESSFUL,https://erofwhiterock.com/treatment-severe-food-poisoning-dallas/,https://erofwhiterock.com/treatment-severe-food-poisoning-dallas/,indexing-all.json
4421,post,en,The Complete Parent's Guide to Pediatric Emergencies: When to Take Your Child to the ER,https://erofwhiterock.com/pediatric-emergency-room-white-rock-parents-guide/,PASS,Submitted and indexed,2026-08-28T06:44:35Z,SUCCESSFUL,https://erofwhiterock.com/pediatric-emergency-room-white-rock-parents-guide/,https://erofwhiterock.com/pediatric-emergency-room-white-rock-parents-guide/,indexing-all.json
3650,page,en,"Emergency Room Near Garland, TX",https://erofwhiterock.com/emergency-room-garland-tx/,PASS,Submitted and indexed,2026-09-03T22:44:28Z,SUCCESSFUL,https://erofwhiterock.com/emergency-room-garland-tx/,https://erofwhiterock.com/emergency-room-garland-tx/,indexing-all.json
3635,page,en,"Local Emergency Room in Lake Highlands, TX",https://erofwhiterock.com/emergency-room-lake-highlands-tx/,PASS,Submitted and indexed,2026-07-23T07:38:09Z,SUCCESSFUL,https://erofwhiterock.com/emergency-room-lake-highlands-tx/,https://erofwhiterock.com/emergency-room-lake-highlands-tx/,indexing-all.json
3505,page,en,Emergency Room Services & Conditions We Treat,https://erofwhiterock.com/emergency-services-er-of-white-rock/,PASS,Submitted and indexed,2026-08-23T05:15:56Z,SUCCESSFUL,https://erofwhiterock.com/emergency-services-er-of-white-rock/,https://erofwhiterock.com/emergency-services-er-of-white-rock/,verification.json
3457,page,en,"Emergency Room Near Lakewood, TX",https://erofwhiterock.com/emergency-room-lakewood-tx/,PASS,Submitted and indexed,2026-09-08T00:01:19Z,SUCCESSFUL,https://erofwhiterock.com/emergency-room-lakewood-tx/,https://erofwhiterock.com/emergency-room-lakewood-tx/,indexing-all.json
2931,page,en,Blog,https://erofwhiterock.com/blog/,PASS,Submitted and indexed,2026-09-05T05:39:00Z,SUCCESSFUL,https://erofwhiterock.com/blog/2/,https://erofwhiterock.com/blog/,verification.json
2595,page,en,Career,https://erofwhiterock.com/careers/,PASS,Submitted and indexed,2026-09-08T22:58:51Z,SUCCESSFUL,https://erofwhiterock.com/careers/,https://erofwhiterock.com/careers/,indexing-all.json
2516,page,en,"Chest Pain Treatment in Dallas, TX | ER of White Rock",https://erofwhiterock.com/services/chest-pain-treatment/,PASS,Submitted and indexed,2026-09-03T21:39:44Z,SUCCESSFUL,https://erofwhiterock.com/services/chest-pain-treatment/,https://erofwhiterock.com/services/chest-pain-treatment/,indexing-all.json
2482,page,en,"Expert Stroke Care in White Rock, Texas | ER of White Rock",https://erofwhiterock.com/services/expert-stroke-care/,PASS,Submitted and indexed,2026-08-22T20:45:34Z,SUCCESSFUL,https://erofwhiterock.com/services/expert-stroke-care/,https://erofwhiterock.com/services/expert-stroke-care/,verification.json
2453,page,en,"Expert Pediatric Care in Dallas, TX | ER of White Rock",https://erofwhiterock.com/services/pediatric-care/,NEUTRAL,URL is unknown to Google,,PAGE_FETCH_STATE_UNSPECIFIED,,,indexing-all.json
2198,page,en,Ins. & Billing Info,https://erofwhiterock.com/insurance-billing-info/,PASS,Submitted and indexed,2026-09-04T16:43:18Z,SUCCESSFUL,https://erofwhiterock.com/insurance-billing-info/,https://erofwhiterock.com/insurance-billing-info/,indexing-all.json
1396,page,en,"Emergency Care for Breathing Problems in Dallas, TX | ER of White Rock",https://erofwhiterock.com/services/emergency-care-for-breathing-problems/,PASS,Submitted and indexed,2026-09-08T08:58:01Z,SUCCESSFUL,https://erofwhiterock.com/services/emergency-care-for-breathing-problems/,https://erofwhiterock.com/services/emergency-care-for-breathing-problems/,indexing-all.json
1374,page,en,"Emergency Treatment of Fractures in Dallas, TX | ER of White Rock",https://erofwhiterock.com/services/fractures-treatment/,NEUTRAL,Discovered - currently not indexed,,PAGE_FETCH_STATE_UNSPECIFIED,,,indexing-all.json
1338,page,en,"Eye Injuries Emergency Care in Dallas, TX | ER of White Rock",https://erofwhiterock.com/services/eye-injuries/,PASS,Submitted and indexed,2026-09-07T11:34:08Z,SUCCESSFUL,https://erofwhiterock.com/services/eye-injuries/,https://erofwhiterock.com/services/eye-injuries/,indexing-all.json
1317,page,en,High Fever ER in White Rock & East Dallas | ER of White Rock,https://erofwhiterock.com/services/high-fever-treatment/,NEUTRAL,Discovered - currently not indexed,,PAGE_FETCH_STATE_UNSPECIFIED,,,indexing-all.json
1295,page,en,"Expert Blood Clot Treatment in Dallas, TX | ER of White Rock",https://erofwhiterock.com/services/blood-clot-treatment/,PASS,Submitted and indexed,2026-07-26T23:37:43Z,SUCCESSFUL,https://erofwhiterock.com/services/blood-clot-treatment/,https://erofwhiterock.com/services/blood-clot-treatment/,indexing-all.json
1267,page,en,"Expert Rashes Treatment in White Rock, TX | ER of White Rock",https://erofwhiterock.com/services/rashes-treatment/,PASS,Submitted and indexed,2026-06-30T05:49:53Z,SUCCESSFUL,https://erofwhiterock.com/services/rashes-treatment/,https://erofwhiterock.com/services/rashes-treatment/,indexing-all.json
1091,page,en,"Appendicitis Treatment in Dallas, TX | Emergency Care at ER of White Rock",https://erofwhiterock.com/services/appendicitis-treatment-in-white-rock/,PASS,Submitted and indexed,2026-07-23T06:54:47Z,SUCCESSFUL,https://erofwhiterock.com/services/appendicitis-treatment-in-white-rock/,https://erofwhiterock.com/services/appendicitis-treatment-in-white-rock/,verification.json
1072,page,en,"Dehydration Treatment in Dallas, TX | ER of White Rock",https://erofwhiterock.com/services/dehydration-treatment-in-white-rock/,NEUTRAL,Discovered - currently not indexed,,PAGE_FETCH_STATE_UNSPECIFIED,,,indexing-all.json
1010,page,en,"Back Pain Treatment in Dallas, TX | Expert Pain Relief Solutions",https://erofwhiterock.com/services/back-pain-treatment-in-white-rock/,PASS,Submitted and indexed,2026-09-03T10:47:33Z,SUCCESSFUL,https://erofwhiterock.com/services/back-pain-treatment-in-white-rock/,https://erofwhiterock.com/services/back-pain-treatment-in-white-rock/,indexing-all.json
993,page,en,"Expert Food Poisoning Treatment in White Rock, TX | ER of White Rock",https://erofwhiterock.com/services/food-poisoning-treatment-in-white-rock/,NEUTRAL,Discovered - currently not indexed,,PAGE_FETCH_STATE_UNSPECIFIED,,,indexing-all.json
971,page,en,"Emergency & Rapid Laboratory Testing in White Rock, TX",https://erofwhiterock.com/services/laboratory-testing-services-in-white-rock/,NEUTRAL,Discovered - currently not indexed,,PAGE_FETCH_STATE_UNSPECIFIED,,,verification.json
909,page,en,"Effective Bronchitis Treatment in Dallas, TX | ER of White Rock",https://erofwhiterock.com/services/bronchitis-treatment-in-white-rock/,PASS,Submitted and indexed,2026-08-16T09:14:28Z,SUCCESSFUL,https://erofwhiterock.com/services/bronchitis-treatment-in-white-rock/,https://erofwhiterock.com/services/bronchitis-treatment-in-white-rock/,indexing-all.json
868,page,en,"Sore Throat Treatment in Dallas, TX - ER of White Rock",https://erofwhiterock.com/services/sore-throat-treatment-in-white-rock/,NEUTRAL,URL is unknown to Google,,PAGE_FETCH_STATE_UNSPECIFIED,,,indexing-all.json
852,page,en,"Diagnostic Imaging Services in Dallas, TX | MRI, CT Scan, Ultrasound",https://erofwhiterock.com/services/diagnostic-imaging-services/,PASS,Submitted and indexed,2026-08-27T18:34:39Z,SUCCESSFUL,https://erofwhiterock.com/services/diagnostic-imaging-services/,https://erofwhiterock.com/services/diagnostic-imaging-services/,verification.json
799,page,en,"Comprehensive Gastrointestinal Disease Treatment in Dallas, TX – ER of White Rock",https://erofwhiterock.com/services/gastrointestinal-disease-treatment/,PASS,Submitted and indexed,2026-09-03T11:32:41Z,SUCCESSFUL,https://erofwhiterock.com/services/gastrointestinal-disease-treatment/,https://erofwhiterock.com/services/gastrointestinal-disease-treatment/,indexing-all.json
417,page,en,Contact Us,https://erofwhiterock.com/contact-us/,PASS,Submitted and indexed,2026-09-04T19:45:31Z,SUCCESSFUL,https://erofwhiterock.com/contact-us/,https://erofwhiterock.com/contact-us/,indexing-all.json
383,page,en,About Us - ER of White Rock,https://erofwhiterock.com/about-er-of-white-rock/,PASS,Submitted and indexed,2026-09-04T06:56:53Z,SUCCESSFUL,https://erofwhiterock.com/about-er-of-white-rock/,https://erofwhiterock.com/about-er-of-white-rock/,indexing-all.json
