id,type,lang,author_id,url,title
5525,post,en,4,https://erofwhiterock.com/what-to-tell-er-team/,What to Tell the ER Team: A Medication and Symptom Note
5510,page,en,7,https://erofwhiterock.com/cookie-policy/,Cookie Policy
5511,page,es,7,https://erofwhiterock.com/es/politica-de-cookies/,Política de Cookies
5496,page,en,7,https://erofwhiterock.com/sala-de-emergencias-cerca-de-richardson/,"Sala de Emergencias Cerca de Richardson, TX"
5495,page,en,7,https://erofwhiterock.com/emergency-room-richardson-tx/,"Emergency Room Near Richardson, TX"
5470,page,es,7,https://erofwhiterock.com/es/sala-de-emergencias-cerca-de-forest-hills/,"Sala de Emergencias Cerca de Forest Hills, Dallas, TX"
5471,page,es,7,https://erofwhiterock.com/es/sala-de-emergencias-cerca-de-mesquite/,"Sala de Emergencias Cerca de Mesquite, TX"
5469,page,es,7,https://erofwhiterock.com/es/sala-de-emergencias-cerca-de-casa-view/,"Sala de Emergencias Cerca de Casa View, Dallas, TX"
5468,page,es,7,https://erofwhiterock.com/es/sala-de-emergencias-cerca-de-casa-linda/,"Sala de Emergencias Cerca de Casa Linda, Dallas, TX"
5466,page,en,7,https://erofwhiterock.com/emergency-room-mesquite-tx/,"Emergency Room Near Mesquite, TX"
5463,page,en,7,https://erofwhiterock.com/emergency-room-forest-hills-tx/,"Emergency Room Near Forest Hills, Dallas, TX"
5462,page,en,7,https://erofwhiterock.com/emergency-room-casa-view-tx/,"Emergency Room Near Casa View, Dallas, TX"
5460,page,en,7,https://erofwhiterock.com/emergency-room-casa-linda-tx/,"Emergency Room Near Casa Linda, Dallas, TX"
5437,post,en,4,https://erofwhiterock.com/how-long-does-an-er-visit-take/,How Long Does an ER Visit Take? A Step by Step Look at the Timeline
5438,post,es,4,https://erofwhiterock.com/es/cuanto-dura-una-visita-a-emergencias/,¿Cuánto Dura una Visita a la Sala de Emergencias? El Recorrido Paso a Paso
5424,post,es,4,https://erofwhiterock.com/es/cuando-ir-a-emergencias-golpe-en-la-cabeza/,¿Se Golpeó la Cabeza? Cuándo Ir a la Sala de Emergencias y Cuándo Observar en Casa
5419,post,en,4,https://erofwhiterock.com/when-to-go-to-er-after-hitting-head/,Hit Your Head? When to Go to the ER and When to Watch at Home
5407,page,en,7,https://erofwhiterock.com/letter-of-protection/,Letter of Protection
5394,page,es,7,https://erofwhiterock.com/es/lesion-cerebral-traumatica-white-rock/,"Tratamiento de Lesión Cerebral Traumática (LCT) en White Rock, TX"
5391,page,en,7,https://erofwhiterock.com/editorial-policy/,Editorial and Medical Review Policy
5390,page,en,7,https://erofwhiterock.com/services/tbi-treatment/,"Traumatic Brain Injury (TBI) Treatment in White Rock, TX"
5378,page,es,7,https://erofwhiterock.com/es/tratamiento-conmocion-cerebral-white-rock/,"Tratamiento de Conmoción Cerebral en White Rock, TX"
5375,page,en,7,https://erofwhiterock.com/services/concussion-treatment/,"Concussion Treatment in White Rock, TX"
5370,page,es,7,https://erofwhiterock.com/es/tratamiento-dolor-abdominal-white-rock/,"Tratamiento de Emergencia para el Dolor Abdominal en White Rock, TX"
5366,page,es,7,https://erofwhiterock.com/es/tratamiento-lesiones-cabeza-white-rock/,"Tratamiento de Emergencia para Lesiones en la Cabeza en White Rock, TX"
5360,page,en,7,https://erofwhiterock.com/services/emergency-head-injury/,"Emergency Head Injury Treatment in White Rock, TX"
5342,page,en,7,https://erofwhiterock.com/services/abdominal-pain-treatment-in-white-rock/,"Emergency Abdominal Pain Treatment in White Rock, TX"
5136,post,es,4,https://erofwhiterock.com/es/emergencias-infecciosas-vector-cerca-de-white-rock-lake/,"Emergencias por Enfermedades Infecciosas y Transmitidas por Vectores cerca de White Rock: Cuándo Picaduras, Insectos e Infecciones Graves Requieren la Sala de Emergencias"
5134,post,en,4,https://erofwhiterock.com/infectious-disease-vector-borne-emergencies-near-white-rock-lake/,"Infectious Disease and Vector-Borne Emergencies Near White Rock: When Bites, Bugs, and Severe Infections Need the ER"
5124,post,es,4,https://erofwhiterock.com/es/picaduras-garrapata-virus-nilo-occidental-white-rock-lake/,"Picaduras de Garrapata, Virus del Nilo Occidental y Otras Emergencias Transmitidas por Vectores cerca de White Rock Lake: Cuándo Llegar a la ER"
5123,post,es,4,https://erofwhiterock.com/es/ahogamiento-casi-ahogamiento-white-rock-lake/,Ahogamiento y Casi Ahogamiento cerca de White Rock Lake: Lo Que los Padres No Ven y Cuándo Llegar a la ER
5122,post,es,4,https://erofwhiterock.com/es/copa-mundial-2026-dallas-er-cardiaco/,Copa Mundial 2026 en Dallas: Por Qué las Visitas a la ER se Disparan Durante los Grandes Torneos y Cómo Mirar con Seguridad
5121,post,es,4,https://erofwhiterock.com/es/golpe-de-calor-vs-agotamiento-por-calor-texas/,Golpe de Calor vs Agotamiento por Calor: Guía de Triaje ER en Texas para el Verano cerca de White Rock Lake
5091,post,en,4,https://erofwhiterock.com/heat-stroke-vs-heat-exhaustion-texas-er/,Heat Stroke vs Heat Exhaustion: A Texas ER Triage Guide for Summer Near White Rock Lake
5093,post,en,4,https://erofwhiterock.com/drowning-near-drowning-white-rock-lake/,Drowning and Near-Drowning Near White Rock Lake: What Parents Miss and When to Reach the ER
5092,post,en,4,https://erofwhiterock.com/world-cup-2026-dallas-er-cardiac-risk/,World Cup 2026 in Dallas: Why ER Visits Spike During Major Tournaments and How to Watch Safely
5094,post,en,4,https://erofwhiterock.com/tick-bites-west-nile-er-white-rock-lake/,"Tick Bites, West Nile, and Other Vector-Borne Emergencies Near White Rock Lake: When to Reach the ER"
5069,post,es,4,https://erofwhiterock.com/es/intoxicacion-alimentaria-vs-gastroenteritis-cerca-de-white-rock/,Intoxicación Alimentaria vs Gastroenteritis Viral: Cómo Distinguirlas y Cuándo Buscar Atención de Emergencia
5067,post,es,4,https://erofwhiterock.com/es/guia-padres-emergencias-pediatricas-cerca-de-white-rock/,Guía Completa para Padres sobre Emergencias Pediátricas cerca de White Rock: Cuándo Llevar a Su Hijo a la Sala de Emergencias
5063,post,es,4,https://erofwhiterock.com/es/dolor-de-estomago-emergencias-digestivas-cerca-de-white-rock-lake/,"Dolor de Estómago y Emergencias Digestivas cerca de White Rock: Apendicitis, Intoxicación Alimentaria y Dolor Abdominal Severo"
5061,post,en,4,https://erofwhiterock.com/stomach-pain-digestive-emergencies-near-white-rock-lake/,"Stomach Pain and Digestive Emergencies Near White Rock: Appendicitis, Food Poisoning, and Severe Abdominal Pain Care"
5058,post,es,4,https://erofwhiterock.com/es/emergencias-huesos-articulaciones-trauma-cerca-de-white-rock-lake/,"Emergencias de Huesos, Articulaciones y Trauma cerca de White Rock: Fracturas, Lesiones de Cabeza y Cuidado de Lesiones Oculares"
5054,post,en,4,https://erofwhiterock.com/bone-joint-trauma-emergencies-near-white-rock-lake/,"Bone, Joint, and Trauma Emergencies Near White Rock: Fractures, Head Injuries, and Eye Injury Care"
5055,post,en,4,https://erofwhiterock.com/sprain-or-fracture-when-to-visit-er-white-rock/,Sprain or Fracture? How to Tell and When to Visit Our ER Near White Rock
5039,post,en,4,https://erofwhiterock.com/time-is-brain-fast-stroke-recognition-dallas/,Time Is Brain: Recognizing Stroke Symptoms with the F.A.S.T. Method
5040,post,en,4,https://erofwhiterock.com/blood-clot-warning-signs-dvt-pe-dallas/,The Silent Threat: How to Recognize the Warning Signs of a Blood Clot
5041,post,es,4,https://erofwhiterock.com/es/emergencias-cardiovasculares-cerca-de-white-rock-lake/,"Emergencias Cardiovasculares cerca de White Rock: Ataque al Corazón, Derrame Cerebral y Coágulos de Sangre"
5032,post,en,4,https://erofwhiterock.com/cardiovascular-emergencies-near-white-rock-lake/,"Cardiovascular Emergencies Near White Rock: Heart Attack, Stroke, and Blood Clot Recognition Guide"
5009,post,es,4,https://erofwhiterock.com/es/sala-de-emergencias-independiente-vs-hospital-er-white-rock-lake/,Sala de Emergencias Independiente vs Hospital cerca de White Rock Lake: Cómo Elegir la Sala Adecuada
5010,post,es,4,https://erofwhiterock.com/es/cuando-una-erupcion-cutanea-es-una-emergencia/,¿Esa Erupción es Peligrosa? Señales de Alerta para Acudir a Urgencias
5011,post,es,4,https://erofwhiterock.com/es/laboratorio-de-emergencia-diagnostico-sin-espera-white-rock/,Pruebas de Laboratorio de Emergencia en Sitio: Por Qué los Diagnósticos Sin Espera Salvan Vidas
5012,post,en,4,https://erofwhiterock.com/sore-throat-emergency-room-strep-warning-signs/,A Simple Cold or Something Worse? When a Sore Throat Needs the ER
4986,post,en,4,https://erofwhiterock.com/freestanding-er-vs-hospital-er-near-white-rock-lake/,Freestanding ER vs Hospital ER Near White Rock Lake: How to Choose the Right Emergency Room
4762,page,es,4,https://erofwhiterock.com/es/declaracion-de-accesibilidad/,Declaración de Accesibilidad
4761,page,es,4,https://erofwhiterock.com/es/divulgaciones-de-facturacion-y-derechos-financieros-del-paciente/,Divulgaciones de Facturación y Derechos Financieros del Paciente
4760,page,es,4,https://erofwhiterock.com/es/aviso-legal-medico/,Aviso Legal Médico
4759,page,es,4,https://erofwhiterock.com/es/terminos-y-condiciones-de-uso/,Términos y Condiciones de Uso
4758,page,es,4,https://erofwhiterock.com/es/politica-de-privacidad/,Política de Privacidad
4757,page,es,4,https://erofwhiterock.com/es/aviso-de-practicas-de-privacidad-de-hipaa/,Aviso de Prácticas de Privacidad de HIPAA
4755,page,es,4,https://erofwhiterock.com/es/sala-de-emergencias-cerca-de-garland/,"Sala de Emergencias Cerca de Garland, TX"
4753,page,es,4,https://erofwhiterock.com/es/sala-de-emergencias-lake-highlands/,"Sala de Emergencias Local en Lake Highlands, TX"
4751,page,es,4,https://erofwhiterock.com/es/servicios-de-emergencia-er-of-white-rock/,"Servicios de Emergencia en Dallas, TX | Atención ER 24/7 | ER of White Rock"
4749,page,es,4,https://erofwhiterock.com/es/sala-de-emergencias-cerca-de-lakewood/,"Sala de Emergencias Cerca de Lakewood, TX"
4747,page,es,4,https://erofwhiterock.com/es/pruebas-de-laboratorio-de-emergencia-y-rapidas-en-white-rock-tx/,"Pruebas de Laboratorio de Emergencia y Rápidas en White Rock, TX"
4745,page,es,4,https://erofwhiterock.com/es/servicios-de-imagenes-diagnosticas-en-dallas-tx-mri-ct-scan-ultrasonido/,"Servicios de Imágenes Diagnósticas en Dallas, TX | MRI, CT Scan, Ultrasonido"
228,page,en,4,https://erofwhiterock.com/,Home Page – ER of White Rock
4741,page,es,4,https://erofwhiterock.com/es/tratamiento-del-dolor-de-pecho-en-dallas-tx-er-of-white-rock/,"Tratamiento del Dolor de Pecho en Dallas, TX | ER of White Rock"
4739,page,es,4,https://erofwhiterock.com/es/atencion-experta-para-derrame-cerebral-en-white-rock-texas-er-of-white-rock/,"Atención Experta para Derrame Cerebral en White Rock, Texas | ER of White Rock"
4737,page,es,4,https://erofwhiterock.com/es/atencion-pediatrica-experta-en-dallas-tx-er-of-white-rock/,"Atención Pediátrica Experta en Dallas, TX | ER of White Rock"
4729,page,es,4,https://erofwhiterock.com/es/atencion-de-emergencia-para-problemas-respiratorios-en-dallas-tx-er-of-white/,"Atención de Emergencia para Problemas Respiratorios en Dallas, TX | ER of White Rock"
4727,page,es,4,https://erofwhiterock.com/es/tratamiento-de-emergencia-para-fracturas-en-dallas-tx-er-of-white-rock/,"Tratamiento de Emergencia para Fracturas en Dallas, TX | ER of White Rock"
4725,page,es,4,https://erofwhiterock.com/es/atencion-de-emergencia-para-lesiones-oculares-en-dallas-tx-er-of-white-rock/,"Atención de Emergencia para Lesiones Oculares en Dallas, TX | ER of White Rock"
4723,page,es,4,https://erofwhiterock.com/es/high-fever-care-in-dallas-tx-immediate-expert-treatment/,"High Fever Care in Dallas, TX – Immediate & Expert Treatment"
4721,page,es,4,https://erofwhiterock.com/es/tratamiento-experto-de-coagulos-sanguineos-en-dallas-tx-er-of-white-rock/,"Tratamiento Experto de Coágulos Sanguíneos en Dallas, TX | ER of White Rock"
4719,page,es,4,https://erofwhiterock.com/es/tratamiento-experto-de-erupciones-cutaneas-en-white-rock-tx-er-of-white-rock/,"Tratamiento Experto de Erupciones Cutáneas en White Rock, TX | ER of White Rock"
4717,page,es,4,https://erofwhiterock.com/es/tratamiento-de-apendicitis-en-dallas-tx-atencion-de-emergencia-en-er-of-white/,"Tratamiento de Apendicitis en Dallas, TX | Atención de Emergencia en ER of White Rock"
4715,page,es,4,https://erofwhiterock.com/es/tratamiento-de-deshidratacion-en-dallas-tx-er-of-white-rock/,"Tratamiento de Deshidratación en Dallas, TX | ER of White Rock"
4711,page,es,4,https://erofwhiterock.com/es/tratamiento-del-dolor-de-espalda-en-dallas-tx-soluciones-expertas-de-alivio-del/,"Tratamiento del Dolor de Espalda en Dallas, TX | Soluciones Expertas de Alivio del Dolor"
4709,page,es,4,https://erofwhiterock.com/es/tratamiento-experto-de-intoxicacion-alimentaria-en-white-rock-tx-er-of-white/,"Tratamiento Experto de Intoxicación Alimentaria en White Rock, TX | ER of White Rock"
4707,page,es,4,https://erofwhiterock.com/es/tratamiento-efectivo-de-bronquitis-en-dallas-tx-er-of-white-rock/,"Tratamiento Efectivo de Bronquitis en Dallas, TX | ER of White Rock"
4705,page,es,4,https://erofwhiterock.com/es/tratamiento-del-dolor-de-garganta-en-dallas-tx-er-of-white-rock/,"Tratamiento del Dolor de Garganta en Dallas, TX - ER of White Rock"
4703,page,es,4,https://erofwhiterock.com/es/comprehensive-gastrointestinal-disease-treatment-in-dallas-tx-er-of-white-rock/,"Comprehensive Gastrointestinal Disease Treatment in Dallas, TX – ER of White Rock"
4699,page,es,4,https://erofwhiterock.com/es/articulos/,Blog
4697,page,es,4,https://erofwhiterock.com/es/carreras/,Carreras
4695,page,es,4,https://erofwhiterock.com/es/informacion-de-seguros-y-facturacion/,Información de Seguros y Facturación
4691,page,es,4,https://erofwhiterock.com/es/contactenos/,Contáctenos
4689,page,es,4,https://erofwhiterock.com/es/acerca-de-nosotros-er-of-white-rock/,Acerca de Nosotros - ER of White Rock
4687,page,es,4,https://erofwhiterock.com/es/home-page-er-of-white-rock/,Página Principal – ER of White Rock
4657,page,en,4,https://erofwhiterock.com/accessibility-statement/,Accessibility Statement
4655,page,en,4,https://erofwhiterock.com/billing-disclosures/,Billing Disclosures & Patient Financial Rights
4652,page,en,4,https://erofwhiterock.com/medical-disclaimer/,Medical Disclaimer
4650,page,en,4,https://erofwhiterock.com/terms-and-conditions/,Terms and Conditions of Use
4647,page,en,4,https://erofwhiterock.com/privacy-policy/,Privacy Policy
4643,page,en,4,https://erofwhiterock.com/notice-of-privacy-practices/,HIPAA Notice of Privacy Practices
4638,post,es,4,https://erofwhiterock.com/es/dolor-garganta-urgencias-faringitis-estreptococica-dallas/,¿Un simple resfriado o algo peor? ¿Cuándo un dolor de garganta requiere una visita a urgencias?
4635,post,en,4,https://erofwhiterock.com/emergency-lab-testing-white-rock-tx/,On-Site ER Lab Testing: How No-Wait Diagnostics Save Lives in Emergencies
4503,post,es,4,https://erofwhiterock.com/es/senales-alerta-coagulo-sangre-tvp/,La amenaza silenciosa: cómo reconocer las señales de alerta de un coágulo de sangre
4481,post,en,4,https://erofwhiterock.com/emergency-room-rash-warning-signs/,Is That Rash Dangerous? Warning Signs You Need an Emergency Room
4435,post,es,4,https://erofwhiterock.com/es/atencion-emergencia-accidentes-cerebrovasculares-dallas/,El tiempo es cerebro: cómo reconocer los síntomas de un derrame cerebral con el método F.A.S.T.
4430,post,es,4,https://erofwhiterock.com/es/esguince-o-fractura-urgencias-white-rock-texas/,¿Es un esguince o una fractura? ¿Cuándo acudir a nuestra sala de emergencias en White Rock?
4426,post,en,4,https://erofwhiterock.com/treatment-severe-food-poisoning-dallas/,Food Poisoning vs Stomach Bug: How to Tell the Difference and When to Get Emergency Care
4421,post,en,4,https://erofwhiterock.com/pediatric-emergency-room-white-rock-parents-guide/,The Complete Parent's Guide to Pediatric Emergencies: When to Take Your Child to the ER
3650,page,en,4,https://erofwhiterock.com/emergency-room-garland-tx/,"Emergency Room Near Garland, TX"
3635,page,en,4,https://erofwhiterock.com/emergency-room-lake-highlands-tx/,"Local Emergency Room in Lake Highlands, TX"
3505,page,en,4,https://erofwhiterock.com/emergency-services-er-of-white-rock/,Emergency Room Services & Conditions We Treat
3457,page,en,4,https://erofwhiterock.com/emergency-room-lakewood-tx/,"Emergency Room Near Lakewood, TX"
2931,page,en,4,https://erofwhiterock.com/blog/,Blog
2595,page,en,4,https://erofwhiterock.com/careers/,Career
2516,page,en,4,https://erofwhiterock.com/services/chest-pain-treatment/,"Chest Pain Treatment in Dallas, TX | ER of White Rock"
2482,page,en,4,https://erofwhiterock.com/services/expert-stroke-care/,"Expert Stroke Care in White Rock, Texas | ER of White Rock"
2453,page,en,4,https://erofwhiterock.com/services/pediatric-care/,"Expert Pediatric Care in Dallas, TX | ER of White Rock"
2198,page,en,4,https://erofwhiterock.com/insurance-billing-info/,Ins. & Billing Info
1396,page,en,4,https://erofwhiterock.com/services/emergency-care-for-breathing-problems/,"Emergency Care for Breathing Problems in Dallas, TX | ER of White Rock"
1374,page,en,4,https://erofwhiterock.com/services/fractures-treatment/,"Emergency Treatment of Fractures in Dallas, TX | ER of White Rock"
1338,page,en,4,https://erofwhiterock.com/services/eye-injuries/,"Eye Injuries Emergency Care in Dallas, TX | ER of White Rock"
1317,page,en,4,https://erofwhiterock.com/services/high-fever-treatment/,High Fever ER in White Rock & East Dallas | ER of White Rock
1295,page,en,4,https://erofwhiterock.com/services/blood-clot-treatment/,"Expert Blood Clot Treatment in Dallas, TX | ER of White Rock"
1267,page,en,4,https://erofwhiterock.com/services/rashes-treatment/,"Expert Rashes Treatment in White Rock, TX | ER of White Rock"
1091,page,en,4,https://erofwhiterock.com/services/appendicitis-treatment-in-white-rock/,"Appendicitis Treatment in Dallas, TX | Emergency Care at ER of White Rock"
1072,page,en,4,https://erofwhiterock.com/services/dehydration-treatment-in-white-rock/,"Dehydration Treatment in Dallas, TX | ER of White Rock"
1010,page,en,4,https://erofwhiterock.com/services/back-pain-treatment-in-white-rock/,"Back Pain Treatment in Dallas, TX | Expert Pain Relief Solutions"
993,page,en,4,https://erofwhiterock.com/services/food-poisoning-treatment-in-white-rock/,"Expert Food Poisoning Treatment in White Rock, TX | ER of White Rock"
971,page,en,4,https://erofwhiterock.com/services/laboratory-testing-services-in-white-rock/,"Emergency & Rapid Laboratory Testing in White Rock, TX"
909,page,en,4,https://erofwhiterock.com/services/bronchitis-treatment-in-white-rock/,"Effective Bronchitis Treatment in Dallas, TX | ER of White Rock"
868,page,en,4,https://erofwhiterock.com/services/sore-throat-treatment-in-white-rock/,"Sore Throat Treatment in Dallas, TX - ER of White Rock"
852,page,en,4,https://erofwhiterock.com/services/diagnostic-imaging-services/,"Diagnostic Imaging Services in Dallas, TX | MRI, CT Scan, Ultrasound"
799,page,en,4,https://erofwhiterock.com/services/gastrointestinal-disease-treatment/,"Comprehensive Gastrointestinal Disease Treatment in Dallas, TX – ER of White Rock"
417,page,en,4,https://erofwhiterock.com/contact-us/,Contact Us
383,page,en,4,https://erofwhiterock.com/about-er-of-white-rock/,About Us - ER of White Rock
